ID,Predicted_Class
2460,ad.
2461,ad.
2462,noad.
2463,ad.
2464,ad.
2465,ad.
2466,ad.
2467,ad.
2468,ad.
2469,ad.
2470,ad.
2471,ad.
2472,ad.
2473,ad.
2474,ad.
2475,ad.
2476,ad.
2477,ad.
2478,ad.
2479,ad.
2480,ad.
2481,noad.
2482,noad.
2483,noad.
2484,ad.
2485,ad.
2486,ad.
2487,ad.
2488,ad.
2489,ad.
2490,ad.
2491,ad.
2492,ad.
2493,ad.
2494,ad.
2495,ad.
2496,ad.
2497,ad.
2498,ad.
2499,noad.
2500,ad.
2501,ad.
2502,ad.
2503,ad.
2504,ad.
2505,ad.
2506,ad.
2507,ad.
2508,ad.
2509,noad.
2510,ad.
2511,ad.
2512,ad.
2513,ad.
2514,ad.
2515,ad.
2516,ad.
2517,ad.
2518,ad.
2519,ad.
2520,ad.
2521,ad.
2522,ad.
2523,ad.
2524,ad.
2525,ad.
2526,ad.
2527,ad.
2528,ad.
2529,ad.
2530,ad.
2531,ad.
2532,ad.
2533,ad.
2534,ad.
2535,ad.
2536,ad.
2537,ad.
2538,ad.
2539,noad.
2540,ad.
2541,ad.
2542,ad.
2543,ad.
2544,ad.
2545,ad.
2546,ad.
2547,ad.
2548,ad.
2549,ad.
2550,ad.
2551,ad.
2552,noad.
2553,noad.
2554,noad.
2555,ad.
2556,ad.
2557,ad.
2558,noad.
2559,noad.
2560,noad.
2561,noad.
2562,noad.
2563,noad.
2564,noad.
2565,ad.
2566,ad.
2567,ad.
2568,ad.
2569,ad.
2570,noad.
2571,ad.
2572,noad.
2573,ad.
2574,ad.
2575,noad.
2576,noad.
2577,noad.
2578,noad.
2579,noad.
2580,noad.
2581,noad.
2582,noad.
2583,noad.
2584,noad.
2585,noad.
2586,noad.
2587,noad.
2588,noad.
2589,noad.
2590,noad.
2591,noad.
2592,noad.
2593,noad.
2594,ad.
2595,noad.
2596,noad.
2597,noad.
2598,noad.
2599,noad.
2600,noad.
2601,noad.
2602,noad.
2603,noad.
2604,noad.
2605,noad.
2606,noad.
2607,noad.
2608,noad.
2609,noad.
2610,noad.
2611,ad.
2612,noad.
2613,noad.
2614,noad.
2615,noad.
2616,noad.
2617,noad.
2618,noad.
2619,noad.
2620,noad.
2621,noad.
2622,noad.
2623,noad.
2624,noad.
2625,noad.
2626,noad.
2627,noad.
2628,noad.
2629,noad.
2630,noad.
2631,noad.
2632,noad.
2633,noad.
2634,noad.
2635,noad.
2636,noad.
2637,noad.
2638,noad.
2639,noad.
2640,noad.
2641,noad.
2642,noad.
2643,noad.
2644,noad.
2645,noad.
2646,noad.
2647,noad.
2648,noad.
2649,noad.
2650,noad.
2651,noad.
2652,noad.
2653,noad.
2654,noad.
2655,noad.
2656,noad.
2657,noad.
2658,noad.
2659,noad.
2660,noad.
2661,noad.
2662,noad.
2663,noad.
2664,noad.
2665,noad.
2666,noad.
2667,noad.
2668,noad.
2669,noad.
2670,noad.
2671,noad.
2672,noad.
2673,noad.
2674,noad.
2675,noad.
2676,noad.
2677,noad.
2678,noad.
2679,noad.
2680,noad.
2681,noad.
2682,noad.
2683,noad.
2684,noad.
2685,noad.
2686,noad.
2687,noad.
2688,noad.
2689,noad.
2690,noad.
2691,noad.
2692,noad.
2693,noad.
2694,noad.
2695,noad.
2696,noad.
2697,noad.
2698,noad.
2699,noad.
2700,noad.
2701,noad.
2702,noad.
2703,noad.
2704,noad.
2705,noad.
2706,noad.
2707,noad.
2708,noad.
2709,noad.
2710,noad.
2711,noad.
2712,noad.
2713,noad.
2714,noad.
2715,noad.
2716,noad.
2717,noad.
2718,noad.
2719,noad.
2720,noad.
2721,noad.
2722,noad.
2723,noad.
2724,noad.
2725,noad.
2726,noad.
2727,noad.
2728,noad.
2729,noad.
2730,noad.
2731,noad.
2732,noad.
2733,noad.
2734,noad.
2735,noad.
2736,noad.
2737,noad.
2738,ad.
2739,noad.
2740,noad.
2741,noad.
2742,noad.
2743,noad.
2744,noad.
2745,noad.
2746,noad.
2747,noad.
2748,noad.
2749,noad.
2750,noad.
2751,noad.
2752,noad.
2753,noad.
2754,noad.
2755,noad.
2756,noad.
2757,noad.
2758,noad.
2759,noad.
2760,noad.
2761,noad.
2762,noad.
2763,noad.
2764,noad.
2765,noad.
2766,noad.
2767,noad.
2768,noad.
2769,noad.
2770,noad.
2771,noad.
2772,noad.
2773,noad.
2774,noad.
2775,noad.
2776,noad.
2777,noad.
2778,noad.
2779,noad.
2780,noad.
2781,noad.
2782,noad.
2783,noad.
2784,noad.
2785,noad.
2786,noad.
2787,noad.
2788,noad.
2789,noad.
2790,noad.
2791,noad.
2792,noad.
2793,noad.
2794,noad.
2795,noad.
2796,noad.
2797,noad.
2798,noad.
2799,noad.
2800,noad.
2801,ad.
2802,noad.
2803,noad.
2804,noad.
2805,noad.
2806,noad.
2807,noad.
2808,noad.
2809,noad.
2810,noad.
2811,noad.
2812,noad.
2813,noad.
2814,noad.
2815,noad.
2816,noad.
2817,noad.
2818,noad.
2819,noad.
2820,noad.
2821,noad.
2822,noad.
2823,noad.
2824,noad.
2825,noad.
2826,noad.
2827,noad.
2828,noad.
2829,noad.
2830,noad.
2831,ad.
2832,noad.
2833,noad.
2834,noad.
2835,noad.
2836,noad.
2837,noad.
2838,noad.
2839,noad.
2840,noad.
2841,noad.
2842,noad.
2843,noad.
2844,noad.
2845,ad.
2846,noad.
2847,noad.
2848,noad.
2849,noad.
2850,noad.
2851,noad.
2852,noad.
2853,noad.
2854,ad.
2855,noad.
2856,noad.
2857,noad.
2858,noad.
2859,noad.
2860,noad.
2861,noad.
2862,noad.
2863,noad.
2864,noad.
2865,noad.
2866,noad.
2867,noad.
2868,noad.
2869,noad.
2870,noad.
2871,noad.
2872,noad.
2873,noad.
2874,noad.
2875,noad.
2876,noad.
2877,noad.
2878,noad.
2879,noad.
2880,noad.
2881,noad.
2882,noad.
2883,noad.
2884,noad.
2885,noad.
2886,ad.
2887,noad.
2888,noad.
2889,noad.
2890,noad.
2891,noad.
2892,noad.
2893,noad.
2894,noad.
2895,noad.
2896,noad.
2897,noad.
2898,noad.
2899,noad.
2900,noad.
2901,noad.
2902,noad.
2903,noad.
2904,noad.
2905,noad.
2906,noad.
2907,noad.
2908,noad.
2909,noad.
2910,noad.
2911,noad.
2912,noad.
2913,noad.
2914,noad.
2915,noad.
2916,noad.
2917,noad.
2918,noad.
2919,noad.
2920,noad.
2921,noad.
2922,noad.
2923,noad.
2924,noad.
2925,noad.
2926,noad.
2927,noad.
2928,noad.
2929,noad.
2930,noad.
2931,noad.
2932,noad.
2933,noad.
2934,noad.
2935,noad.
2936,noad.
2937,noad.
2938,noad.
2939,noad.
2940,noad.
2941,noad.
2942,noad.
2943,noad.
2944,noad.
2945,noad.
2946,noad.
2947,noad.
2948,noad.
2949,noad.
2950,noad.
2951,noad.
2952,noad.
2953,noad.
2954,noad.
2955,noad.
2956,noad.
2957,noad.
2958,noad.
2959,noad.
2960,noad.
2961,noad.
2962,noad.
2963,noad.
2964,noad.
2965,noad.
2966,noad.
2967,noad.
2968,noad.
2969,noad.
2970,noad.
2971,noad.
2972,noad.
2973,noad.
2974,noad.
2975,noad.
2976,noad.
2977,noad.
2978,noad.
2979,noad.
2980,noad.
2981,noad.
2982,noad.
2983,noad.
2984,ad.
2985,noad.
2986,noad.
2987,noad.
2988,noad.
2989,noad.
2990,noad.
2991,noad.
2992,noad.
2993,noad.
2994,noad.
2995,noad.
2996,noad.
2997,noad.
2998,noad.
2999,noad.
3000,noad.
3001,noad.
3002,noad.
3003,noad.
3004,noad.
3005,noad.
3006,noad.
3007,noad.
3008,noad.
3009,noad.
3010,noad.
3011,noad.
3012,noad.
3013,noad.
3014,noad.
3015,noad.
3016,noad.
3017,noad.
3018,noad.
3019,noad.
3020,noad.
3021,noad.
3022,noad.
3023,noad.
3024,noad.
3025,noad.
3026,noad.
3027,noad.
3028,noad.
3029,noad.
3030,noad.
3031,noad.
3032,noad.
3033,noad.
3034,noad.
3035,noad.
3036,noad.
3037,noad.
3038,noad.
3039,noad.
3040,noad.
3041,noad.
3042,noad.
3043,noad.
3044,ad.
3045,noad.
3046,noad.
3047,noad.
3048,noad.
3049,noad.
3050,noad.
3051,noad.
3052,noad.
3053,noad.
3054,noad.
3055,noad.
3056,noad.
3057,noad.
3058,noad.
3059,noad.
3060,noad.
3061,noad.
3062,noad.
3063,noad.
3064,noad.
3065,noad.
3066,noad.
3067,noad.
3068,noad.
3069,noad.
3070,ad.
3071,noad.
3072,noad.
3073,noad.
3074,noad.
3075,noad.
3076,noad.
3077,noad.
3078,noad.
3079,noad.
3080,noad.
3081,noad.
3082,noad.
3083,noad.
3084,noad.
3085,noad.
3086,noad.
3087,noad.
3088,noad.
3089,noad.
3090,noad.
3091,noad.
3092,noad.
3093,noad.
3094,noad.
3095,noad.
3096,noad.
3097,noad.
3098,noad.
3099,noad.
3100,noad.
3101,noad.
3102,noad.
3103,noad.
3104,noad.
3105,noad.
3106,noad.
3107,ad.
3108,noad.
3109,noad.
3110,noad.
3111,noad.
3112,noad.
3113,noad.
3114,noad.
3115,noad.
3116,noad.
3117,noad.
3118,noad.
3119,ad.
3120,noad.
3121,noad.
3122,noad.
3123,ad.
3124,noad.
3125,noad.
3126,noad.
3127,noad.
3128,noad.
3129,noad.
3130,noad.
3131,noad.
3132,noad.
3133,noad.
3134,noad.
3135,noad.
3136,ad.
3137,noad.
3138,noad.
3139,noad.
3140,noad.
3141,noad.
3142,noad.
3143,noad.
3144,noad.
3145,noad.
3146,noad.
3147,noad.
3148,noad.
3149,noad.
3150,noad.
3151,noad.
3152,noad.
3153,noad.
3154,noad.
3155,ad.
3156,noad.
3157,noad.
3158,noad.
3159,noad.
3160,noad.
3161,noad.
3162,noad.
3163,noad.
3164,noad.
3165,noad.
3166,noad.
3167,noad.
3168,noad.
3169,noad.
3170,noad.
3171,noad.
3172,noad.
3173,ad.
3174,noad.
3175,noad.
3176,noad.
3177,noad.
3178,noad.
3179,noad.
3180,noad.
3181,noad.
3182,noad.
3183,noad.
3184,noad.
3185,noad.
3186,noad.
3187,noad.
3188,noad.
3189,noad.
3190,noad.
3191,noad.
3192,noad.
3193,noad.
3194,noad.
3195,noad.
3196,noad.
3197,noad.
3198,noad.
3199,noad.
3200,noad.
3201,noad.
3202,noad.
3203,noad.
3204,noad.
3205,noad.
3206,noad.
3207,noad.
3208,noad.
3209,noad.
3210,noad.
3211,noad.
3212,noad.
3213,noad.
3214,noad.
3215,noad.
3216,noad.
3217,noad.
3218,noad.
3219,noad.
3220,noad.
3221,noad.
3222,noad.
3223,noad.
3224,noad.
3225,noad.
3226,noad.
3227,noad.
3228,noad.
3229,noad.
3230,noad.
3231,noad.
3232,noad.
3233,noad.
3234,noad.
3235,noad.
3236,noad.
3237,noad.
3238,noad.
3239,noad.
3240,noad.
3241,noad.
3242,noad.
3243,noad.
3244,noad.
3245,noad.
3246,noad.
3247,ad.
3248,noad.
3249,noad.
3250,noad.
3251,noad.
3252,ad.
3253,noad.
3254,noad.
3255,noad.
3256,noad.
3257,noad.
3258,noad.
3259,noad.
3260,noad.
3261,noad.
3262,noad.
3263,noad.
3264,noad.
3265,noad.
3266,noad.
3267,noad.
3268,noad.
3269,noad.
3270,noad.
3271,noad.
3272,noad.
3273,noad.
3274,noad.
3275,noad.
3276,noad.
3277,noad.
3278,noad.
3279,noad.
